<application>
  <component name="ProjectManager">
    <defaultProject>
      <component name="PropertiesComponent"><![CDATA[{
  "keyToString": {
    "settings.editor.selected.configurable": "configurable.group.other"
  }
}]]></component>
      <component name="WindowStateProjectService">
        <state x="526" y="188" key="SettingsEditor" timestamp="1671420766968">
          <screen x="0" y="0" width="2048" height="1112" />
        </state>
        <state x="526" y="188" key="SettingsEditor/0.0.2048.1112" timestamp="1671420766968" />
      </component>
    </defaultProject>
  </component>
</application>