<application>
  <component name="AppStorage">
    <histories>
      <item value="Failed to configure a DataSource: 'url' attribute is not specified and no embedded datasource could be configured. Reason: Failed to determine a suitable driver class" />
      <item value="The fully qualified class name to be loaded by AnnotatedBeanDefinitionReader" />
      <item value="n most circumstances the static run(Class, String[]) method can be called directly from your main method to bootstrap your application:" />
      <item value="Create an appropriate ApplicationContext instance (depending on your classpath)" />
      <item value="Class that can be used to bootstrap and launch a Spring application from a Java main method. By default class will perform the following steps to bootstrap your application:" />
      <item value="A Locale object represents a specific geographical, political, or cultural region. An operation that requires a Locale to perform its task is called locale-sensitive and uses the Locale to tailor information for the user. For example, displaying a number is a locale-sensitive operation— the number should be formatted according to the customs and conventions of the user's native country, region, or culture. The Locale class implements IETF BCP 47 which is composed of RFC 4647 &quot;Matching of Language Tags&quot; and RFC 5646 &quot;Tags for Identifying Languages&quot; with support for the LDML (UTS35, &quot;Unicode Locale Data Markup Language&quot;) BCP 47-compatible extensions for locale data exchange. A Locale object logically consists of the fields described below." />
      <item value="A compiled representation of a regular expression. A regular expression, specified as a string, must first be compiled into an instance of this class. The resulting pattern can then be used to create a Matcher object that can match arbitrary character sequences against the regular expression. All of the state involved in performing a match resides in the matcher, so many matchers can share the same pattern. A typical invocation sequence is thus Pattern p = Pattern.compile(&quot;ab&quot;); Matcher m = p.matcher(&quot;aaaaab&quot;); boolean b = m.matches(); A matches method is defined by this class as a convenience for when a regular expression is used just once. This method compiles an expression and matches an input sequence against it in a single invocation. The statement boolean b = Pattern.matches(&quot;ab&quot;, &quot;aaaaab&quot;); is equivalent to the three statements above, though for repeated matches it is less efficient since it does not allow the compiled pattern to be reused. Instances of this class are immutable and are safe for use by multiple concurrent threads. Instances of the Matcher class are not safe for such use. Summary of regular-expression constructs" />
      <item value="c – collection containing elements to be retained in this list Returns: true if this list changed as a result of the call" />
      <item value="Retains only the elements in this list that are contained in the specified collection (optional operation). In other words, removes from this list all of its elements that are not contained in the specified collection." />
      <item value="Retains only the elements in this list that are contained in the specified collection (optional operation). In other words, removes from this list all of its elements that are not contained in the specified collection. Params: c – collection containing elements to be retained in this list Returns: true if this list changed as a result of the call Throws: UnsupportedOperationException – if the retainAll operation is not supported by this list ClassCastException – if the class of an element of this list is incompatible with the specified collection (optional) NullPointerException – if this list contains a null element and the specified collection does not permit null elements (optional), or if the specified collection is null See Also: remove(Object), contains(Object)" />
      <item value="Returns a stream consisting of the elements of this stream, additionally performing the provided action on each element as elements are consumed from the resulting stream." />
      <item value="Like reduce(Object, BinaryOperator), collect operations can be parallelized without requiring additional synchronization. This is a terminal operation. Params: supplier – a function that creates a new result container. For a parallel execution, this function may be called multiple times and must return a fresh value each time. accumulator – an associative, non-interfering, stateless function for incorporating an additional element into a result combiner – an associative, non-interfering, stateless function for combining two values, which must be compatible with the accumulator function Returns: the result of the reduction API Note: There are many existing classes in the JDK whose signatures are well-suited for use with method references as arguments to collect(). For example, the following will accumulate strings into an ArrayList:" />
      <item value="Performs a mutable reduction operation on the elements of this stream. A mutable reduction is one in which the reduced value is a mutable result container, such as an ArrayList, and elements are incorporated by updating the state of the result rather than by replacing the result. This produces a result equivalent to:" />
      <item value="Returns the next pseudorandom, uniformly distributed int value from this random number generator's sequence. The general contract of nextInt is that one int value is pseudorandomly generated and returned. All 232 possible int values are produced with (approximately) equal probability." />
      <item value="A TimeUnit represents time durations at a given unit of granularity and provides utility methods to convert across units, and to perform timing and delay operations in these units. A TimeUnit does not maintain time information, but only helps organize and use time representations that may be maintained separately across various contexts. A nanosecond is defined as one thousandth of a microsecond, a microsecond as one thousandth of a millisecond, a millisecond as one thousandth of a second, a minute as sixty seconds, an hour as sixty minutes, and a day as twenty four hours. A TimeUnit is mainly used to inform time-based methods how a given timing parameter should be interpreted. For example, the following code will timeout in 50 milliseconds if the lock is not available:" />
      <item value="The builder annotation creates a so-called 'builder' aspect to the class that is annotated or the class that contains a member which is annotated with @Builder. If a member is annotated, it must be either a constructor or a method. If a class is annotated, then a private constructor is generated with all fields as arguments (as if @AllArgsConstructor(access = AccessLevel.PRIVATE) is present on the class), and it is as if this constructor has been annotated with @Builder instead. Note that this constructor is only generated if you haven't written any constructors and also haven't added any explicit @XArgsConstructor annotations. In those cases, lombok will assume an all-args constructor is present and generate code that uses it; this means you'd get a compiler error if this constructor is not present. The effect of @Builder is that an inner class is generated named TBuilder, with a private constructor. Instances of TBuilder are made with the method named builder() which is also generated for you in the class itself (not in the builder class). The TBuilder class contains 1 method for each parameter of the annotated constructor method (each field, when annotating a class), which returns the builder itself. The builder also has a build() method which returns a completed instance of the original type, created by passing all parameters as set via the various other methods in the builder to the constructor or method that was annotated with @Builder. The return type of this method will be the same as the relevant class, unless a method has been annotated, in which case it'll be equal to the return type of that method." />
      <item value="Indicates that annotations with a type are to be documented by javadoc and similar tools by default. This type should be used to annotate the declarations of types whose annotations affect the use of annotated elements by their clients. If a type declaration is annotated with Documented, its annotations become part of the public API of the annotated elements." />
      <item value="Returns a fixed-size list backed by the specified array. (Changes to the returned list &quot;write through&quot; to the array.) This method acts as bridge between array-based and collection-based APIs, in combination with Collection.toArray. The returned list is serializable and implements RandomAccess. This method also provides a convenient way to create a fixed-size list initialized to contain several elements: List&lt;String&gt; stooges = Arrays.asList(&quot;Larry&quot;, &quot;Moe&quot;, &quot;Curly&quot;); Params: a – the array by which the list will be backed Returns: a list view of the specified array" />
      <item value="Mainly for internal use within the framework; consider Apache's Commons Lang for a more comprehensive suite of String utilities. This class delivers some simple functionality that should really be provided by the core Java String and StringBuilder classes. It also provides easy-to-use methods to convert between delimited strings, such as CSV strings, and collections and arrays. Since: 16 April 2001 Author: Rod Johnson, Juergen Hoeller, Keith Donald, Rob Harrop, Rick Evans, Arjen Poutsma, Sam Brannen, Brian Clozel" />
      <item value="Exceptions handled by the annotated method. If empty, will default to any exceptions listed in the method argument list." />
    </histories>
    <option name="languageScores">
      <map>
        <entry key="CHINESE" value="19" />
        <entry key="ENGLISH" value="20" />
      </map>
    </option>
  </component>
  <component name="Cache">
    <option name="lastTrimTime" value="1655897569006" />
  </component>
  <component name="Settings">
    <option name="baiduTranslateSettings">
      <app-key>
        <option name="appId" value="20220329001147939" />
      </app-key>
    </option>
    <option name="translator" value="BAIDU" />
    <option name="youdaoTranslateSettings">
      <youdao-translate>
        <option name="appId" value="1a121942b5717434" />
      </youdao-translate>
    </option>
  </component>
</application>